<?xml version="1.0" encoding="UTF-8"?>
<project-private xmlns="http://www.netbeans.org/ns/project-private/1">
    <editor-bookmarks xmlns="http://www.netbeans.org/ns/editor-bookmarks/2" lastBookmarkId="0"/>
    <open-files xmlns="http://www.netbeans.org/ns/projectui-open-files/2">
        <group>
            <file>file:/C:/Users/Lab%20Informatika/Documents/NetBeansProjects/JavaApplication1/src/view/inputFrame.java</file>
            <file>file:/C:/Users/Lab%20Informatika/Documents/NetBeansProjects/JavaApplication1/src/model/ModelDataBuku.java</file>
            <file>file:/C:/Users/Lab%20Informatika/Documents/NetBeansProjects/JavaApplication1/src/DAOBuku/DAOBuku.java</file>
            <file>file:/C:/Users/Lab%20Informatika/Documents/NetBeansProjects/JavaApplication1/src/DAOInterfaceBuku/DAOimplBuku.java</file>
            <file>file:/C:/Users/Lab%20Informatika/Documents/NetBeansProjects/JavaApplication1/src/model/ModelDataTabel.java</file>
            <file>file:/C:/Users/Lab%20Informatika/Documents/NetBeansProjects/JavaApplication1/src/main/Main.java</file>
            <file>file:/C:/Users/Lab%20Informatika/Documents/NetBeansProjects/JavaApplication1/src/koneksi/Koneksi.java</file>
            <file>file:/C:/Users/Lab%20Informatika/Documents/NetBeansProjects/JavaApplication1/src/controller/Datacontroller.java</file>
        </group>
    </open-files>
</project-private>
